[{"@type":"mappingTemplate","id":"@1","name":"Mapping_RESTV2","description":"","autoExpireObject":false,"bundleVersion":"0","assetFrsGuid":"6GGbl971UVhiWoSYaPohcP","templateId":"@3","hasParameters":false,"valid":true,"fixedConnection":true,"hasParametersDeployed":false,"fixedConnectionDeployed":false,"isSchemaValidationEnabled":false,"tasks":0,"mappingPreviewFileRecordId":"@2","documentType":"MAPPING","allowMaxFieldLength":false,"references":[{"@type":"reference","refObjectId":"@3DeMMePylYelGPJY5XqveJ","refType":"connection"},{"@type":"reference","refObjectId":"@1s7xfwIVZg6kI0fn5PTCkj","refType":"connection"}]}]